Code,TIME,Renewable Supply %
AUS,2008,5.57
AUS,2009,4.39
AUS,2010,5.25
AUS,2011,5.4
AUS,2012,5.44
AUS,2013,6.01
AUS,2014,6.28
AUS,2015,6.32
AUS,2016,6.47
AUS,2017,6.95
AUT,2008,24.59
AUT,2009,27.42
AUT,2010,26.49
AUT,2011,25.99
AUT,2012,29.59
AUT,2013,29.75
AUT,2014,30.64
AUT,2015,29.48
AUT,2016,29.96
AUT,2017,29.02
BEL,2008,3.29
BEL,2009,4.08
BEL,2010,4.73
BEL,2011,5.57
BEL,2012,6.29
BEL,2013,6.3
BEL,2014,6.46
BEL,2015,6.99
BEL,2016,7.03
BEL,2017,7.31
CAN,2008,16.98
CAN,2009,17.33
CAN,2010,16.92
CAN,2011,17.49
CAN,2012,17.56
CAN,2013,18.1
CAN,2014,17.51
CAN,2015,17.52
CAN,2016,17.35
CAN,2017,17.32
CZE,2008,5.56
CZE,2009,6.67
CZE,2010,6.93
CZE,2011,7.91
CZE,2012,8.54
CZE,2013,9.37
CZE,2014,9.96
CZE,2015,10.19
CZE,2016,10.39
CZE,2017,10.14
DNK,2008,16.83
DNK,2009,17.94
DNK,2010,20.11
DNK,2011,22.22
DNK,2012,24.2
DNK,2013,24.94
DNK,2014,27.75
DNK,2015,29.89
DNK,2016,30.4
DNK,2017,33.77
FIN,2008,25.82
FIN,2009,24.07
FIN,2010,25.53
FIN,2011,25.98
FIN,2012,29.42
FIN,2013,29.64
FIN,2014,30.18
FIN,2015,32.36
FIN,2016,31.51
FIN,2017,33.73
FRA,2008,7.03
FRA,2009,7.41
FRA,2010,7.99
FRA,2011,7.1
FRA,2012,8.35
FRA,2013,9.2
FRA,2014,8.96
FRA,2015,9.04
FRA,2016,9.96
FRA,2017,9.83
DEU,2008,7.04
DEU,2009,7.89
DEU,2010,8.45
DEU,2011,9.46
DEU,2012,10.36
DEU,2013,10.5
DEU,2014,11.57
DEU,2015,12.45
DEU,2016,12.55
DEU,2017,13.38
GRC,2008,5.62
GRC,2009,6.34
GRC,2010,7.72
GRC,2011,8
GRC,2012,9.22
GRC,2013,11.21
GRC,2014,10.57
GRC,2015,11.98
GRC,2016,11.77
GRC,2017,11.28
HUN,2008,7.42
HUN,2009,9.95
HUN,2010,10.48
HUN,2011,11.13
HUN,2012,11.95
HUN,2013,13.02
HUN,2014,12
HUN,2015,11.98
HUN,2016,11.75
HUN,2017,11.03
ISL,2008,86.8
ISL,2009,87.82
ISL,2010,88.47
ISL,2011,89.75
ISL,2012,89.67
ISL,2013,89.6
ISL,2014,89.07
ISL,2015,88.31
ISL,2016,87.23
ISL,2017,87.9
IRL,2008,3.87
IRL,2009,4.61
IRL,2010,4.6
IRL,2011,5.83
IRL,2012,5.92
IRL,2013,6.43
IRL,2014,7.51
IRL,2015,8.08
IRL,2016,7.92
IRL,2017,9.67
ITA,2008,10.85
ITA,2009,12.4
ITA,2010,12.58
ITA,2011,12.52
ITA,2012,14.8
ITA,2013,16.97
ITA,2014,18.06
ITA,2015,17.22
ITA,2016,17.23
ITA,2017,17.06
JPN,2008,3.46
JPN,2009,3.58
JPN,2010,3.75
JPN,2011,4.07
JPN,2012,4.01
JPN,2013,4.31
JPN,2014,4.72
JPN,2015,5.18
JPN,2016,5.11
JPN,2017,5.55
KOR,2008,0.6
KOR,2009,0.66
KOR,2010,0.72
KOR,2011,0.74
KOR,2012,0.86
KOR,2013,1.01
KOR,2014,1.47
KOR,2015,1.48
KOR,2016,1.52
KOR,2017,1.67
LUX,2008,3.31
LUX,2009,3.29
LUX,2010,3.22
LUX,2011,3.18
LUX,2012,3.51
LUX,2013,4.03
LUX,2014,5.05
LUX,2015,5.67
LUX,2016,6.07
LUX,2017,7.28
MEX,2008,8.73
MEX,2009,7.94
MEX,2010,8.49
MEX,2011,7.98
MEX,2012,7.59
MEX,2013,7.82
MEX,2014,8.47
MEX,2015,8.37
MEX,2016,8.46
MEX,2017,8.94
NLD,2008,3.72
NLD,2009,4.23
NLD,2010,3.93
NLD,2011,4.46
NLD,2012,4.6
NLD,2013,4.55
NLD,2014,4.83
NLD,2015,5.03
NLD,2016,5.08
NLD,2017,5.51
NZL,2008,33.07
NZL,2009,35.83
NZL,2010,38.84
NZL,2011,40.22
NZL,2012,37.68
NZL,2013,38.94
NZL,2014,39.95
NZL,2015,40.76
NZL,2016,41.25
NZL,2017,41.06
NOR,2008,41.51
NOR,2009,38.85
NOR,2010,39.85
NOR,2011,45.57
NOR,2012,50.33
NOR,2013,44.07
NOR,2014,45.81
NOR,2015,46.76
NOR,2016,51.23
NOR,2017,47.04
POL,2008,5.69
POL,2009,6.64
POL,2010,7.23
POL,2011,7.86
POL,2012,8.82
POL,2013,8.77
POL,2014,9.15
POL,2015,9.45
POL,2016,8.82
POL,2017,8.54
PRT,2008,17.54
PRT,2009,19.65
PRT,2010,23.23
PRT,2011,22.49
PRT,2012,20.31
PRT,2013,24.66
PRT,2014,26.04
PRT,2015,22.6
PRT,2016,25.79
PRT,2017,21.22
SVK,2008,5.12
SVK,2009,6.76
SVK,2010,7.43
SVK,2011,7.45
SVK,2012,8.16
SVK,2013,8.31
SVK,2014,8.9
SVK,2015,9.61
SVK,2016,9.56
SVK,2017,9.15
ESP,2008,7.59
ESP,2009,9.83
ESP,2010,11.78
ESP,2011,11.79
ESP,2012,12.85
ESP,2013,15.14
ESP,2014,15.51
ESP,2015,13.98
ESP,2016,14.56
ESP,2017,13.09
SWE,2008,31.47
SWE,2009,34.86
SWE,2010,33.4
SWE,2011,32.91
SWE,2012,36.9
SWE,2013,34.45
SWE,2014,35.89
SWE,2015,42.65
SWE,2016,37.14
SWE,2017,39.4
CHE,2008,17.22
CHE,2009,17.16
CHE,2010,18.2
CHE,2011,17.27
CHE,2012,19.79
CHE,2013,19.32
CHE,2014,20.14
CHE,2015,21.18
CHE,2016,21.08
CHE,2017,21.11
TUR,2008,9.46
TUR,2009,10.09
TUR,2010,11
TUR,2011,9.97
TUR,2012,10.32
TUR,2013,11.38
TUR,2014,10.13
TUR,2015,12.16
TUR,2016,12.53
TUR,2017,12.08
GBR,2008,2.8
GBR,2009,3.34
GBR,2010,3.61
GBR,2011,4.3
GBR,2012,4.53
GBR,2013,5.57
GBR,2014,6.86
GBR,2015,7.99
GBR,2016,8.53
GBR,2017,9.71
USA,2008,5.07
USA,2009,5.44
USA,2010,5.68
USA,2011,6.18
USA,2012,6.43
USA,2013,6.78
USA,2014,6.9
USA,2015,6.88
USA,2016,7.21
USA,2017,7.54
OEU,2008,9.31
OEU,2009,10.29
OEU,2010,10.85
OEU,2011,11.14
OEU,2012,12.31
OEU,2013,12.98
OEU,2014,13.59
OEU,2015,14.04
OEU,2016,14.26
OEU,2017,14.42
ALB,2008,26.16
ALB,2009,30.97
ALB,2010,40.6
ALB,2011,25.87
ALB,2012,31.31
ALB,2013,34.99
ALB,2014,27.29
ALB,2015,34.41
ALB,2016,42.19
ALB,2017,27.44
DZA,2008,0.19
DZA,2009,0.2
DZA,2010,0.17
DZA,2011,0.14
DZA,2012,0.15
DZA,2013,0.11
DZA,2014,0.05
DZA,2015,0.05
DZA,2016,0.06
DZA,2017,0.12
AGO,2008,57.82
AGO,2009,53.78
AGO,2010,53.07
AGO,2011,52.25
AGO,2012,47.02
AGO,2013,48.05
AGO,2014,37.08
AGO,2015,42.79
AGO,2016,45.43
AGO,2017,47.25
ARG,2008,6.28
ARG,2009,6.87
ARG,2010,7.18
ARG,2011,8.05
ARG,2012,8.08
ARG,2013,8.23
ARG,2014,8.46
ARG,2015,7.98
ARG,2016,7.69
ARG,2017,8.66
ARM,2008,5.43
ARM,2009,6.99
ARM,2010,9.21
ARM,2011,8.2
ARM,2012,7.02
ARM,2013,6.75
ARM,2014,6.95
ARM,2015,9.56
ARM,2016,10.93
ARM,2017,10.29
AZE,2008,2.08
AZE,2009,2.28
AZE,2010,3.34
AZE,2011,2.6
AZE,2012,1.86
AZE,2013,1.84
AZE,2014,1.63
AZE,2015,1.81
AZE,2016,1.69
AZE,2017,1.57
BHR,2008,0
BHR,2009,0
BHR,2010,0
BHR,2011,0
BHR,2012,0
BHR,2013,0
BHR,2014,0
BHR,2015,0
BHR,2016,0
BHR,2017,0
BGD,2008,32.42
BGD,2009,30.94
BGD,2010,29.53
BGD,2011,28.95
BGD,2012,27.84
BGD,2013,27.19
BGD,2014,26.56
BGD,2015,24.87
BGD,2016,24.11
BGD,2017,23.79
BLR,2008,5.01
BLR,2009,5.4
BLR,2010,5.5
BLR,2011,5.33
BLR,2012,5.2
BLR,2013,5.61
BLR,2014,5.2
BLR,2015,5.44
BLR,2016,5.51
BLR,2017,5.96
BEN,2008,59.19
BEN,2009,58.04
BEN,2010,56.71
BEN,2011,57.95
BEN,2012,59.67
BEN,2013,59.25
BEN,2014,58.74
BEN,2015,58.57
BEN,2016,54.18
BEN,2017,53.49
BOL,2008,17.7
BOL,2009,17.84
BOL,2010,17.15
BOL,2011,16.49
BOL,2012,15.2
BOL,2013,15.69
BOL,2014,15.02
BOL,2015,15.6
BOL,2016,14.65
BOL,2017,13.45
BIH,2008,10.05
BIH,2009,11.53
BIH,2010,13.43
BIH,2011,7.79
BIH,2012,8.11
BIH,2013,12.42
BIH,2014,15.96
BIH,2015,16.85
BIH,2016,15.58
BIH,2017,11.96
BWA,2008,22.69
BWA,2009,24.77
BWA,2010,23.04
BWA,2011,24.43
BWA,2012,21.94
BWA,2013,21.14
BWA,2014,19.67
BWA,2015,20.04
BWA,2016,21.2
BWA,2017,20.26
BRA,2008,44.36
BRA,2009,45.71
BRA,2010,43.84
BRA,2011,42.7
BRA,2012,40.88
BRA,2013,39.5
BRA,2014,38.7
BRA,2015,40.5
BRA,2016,42.64
BRA,2017,42.34
BRN,2008,0
BRN,2009,0
BRN,2010,0
BRN,2011,0
BRN,2012,0
BRN,2013,0.01
BRN,2014,0
BRN,2015,0.01
BRN,2016,0
BRN,2017,0
BGR,2008,5.35
BGR,2009,6.36
BGR,2010,8.19
BGR,2011,7.08
BGR,2012,8.85
BGR,2013,10.7
BGR,2014,9.99
BGR,2015,10.69
BGR,2016,10.7
BGR,2017,9.92
KHM,2008,66.16
KHM,2009,70.86
KHM,2010,67.94
KHM,2011,68.46
KHM,2012,67.91
KHM,2013,68.18
KHM,2014,66.93
KHM,2015,62.4
KHM,2016,60.23
KHM,2017,58.11
CMR,2008,72.38
CMR,2009,69.11
CMR,2010,68.84
CMR,2011,69.71
CMR,2012,69.55
CMR,2013,75.06
CMR,2014,69.67
CMR,2015,72.19
CMR,2016,72.08
CMR,2017,74.46
CHL,2008,24.49
CHL,2009,26.14
CHL,2010,22.13
CHL,2011,23.14
CHL,2012,29.95
CHL,2013,31.43
CHL,2014,27.5
CHL,2015,27.26
CHL,2016,27.11
CHL,2017,27.84
CHN,2008,9.49
CHN,2009,8.91
CHN,2010,8.15
CHN,2011,7.46
CHN,2012,7.69
CHN,2013,7.76
CHN,2014,8.19
CHN,2015,8.5
CHN,2016,8.97
CHN,2017,9.07
COL,2008,25.43
COL,2009,22.99
COL,2010,23.26
COL,2011,24.7
COL,2012,24.64
COL,2013,25.39
COL,2014,25.05
COL,2015,24.64
COL,2016,23.09
COL,2017,26.24
COG,2008,61.73
COG,2009,57.29
COG,2010,56.52
COG,2011,63.49
COG,2012,58.62
COG,2013,57.15
COG,2014,59.17
COG,2015,57.62
COG,2016,57.03
COG,2017,58.89
CRI,2008,50.06
CRI,2009,51.19
CRI,2010,51.59
CRI,2011,50.53
CRI,2012,51.93
CRI,2013,52.11
CRI,2014,51.7
CRI,2015,52.79
CRI,2016,50.41
CRI,2017,48.01
CIV,2008,75.89
CIV,2009,77.73
CIV,2010,71.95
CIV,2011,74.87
CIV,2012,70.44
CIV,2013,66.9
CIV,2014,68.38
CIV,2015,65.71
CIV,2016,64.36
CIV,2017,61.69
HRV,2008,16.6
HRV,2009,19.25
HRV,2010,21.99
HRV,2011,18.6
HRV,2012,20.26
HRV,2013,24.65
HRV,2014,24.92
HRV,2015,23.34
HRV,2016,23.64
HRV,2017,21.65
CUB,2008,13.07
CUB,2009,13.94
CUB,2010,11.04
CUB,2011,13.13
CUB,2012,13.42
CUB,2013,13.54
CUB,2014,15.45
CUB,2015,15.49
CUB,2016,12.34
CUB,2017,15.75
CYP,2008,3.67
CYP,2009,3.96
CYP,2010,4.32
CYP,2011,5.1
CYP,2012,5.81
CYP,2013,6.95
CYP,2014,6.71
CYP,2015,7.27
CYP,2016,7.11
CYP,2017,7.5
PRK,2008,11.27
PRK,2009,13.71
PRK,2010,15.04
PRK,2011,19.93
PRK,2012,19.55
PRK,2013,26.01
PRK,2014,23.05
PRK,2015,25.04
PRK,2016,25.03
PRK,2017,14.02
COD,2008,97.21
COD,2009,97.61
COD,2010,97.25
COD,2011,96.36
COD,2012,96.92
COD,2013,95.62
COD,2014,94.32
COD,2015,96.99
COD,2016,97.9
COD,2017,97.38
DOM,2008,12.99
DOM,2009,13.16
DOM,2010,12.67
DOM,2011,12.29
DOM,2012,12.56
DOM,2013,12.9
DOM,2014,12.67
DOM,2015,11.02
DOM,2016,11.42
DOM,2017,13.26
ECU,2008,15.77
ECU,2009,10.95
ECU,2010,10.36
ECU,2011,11.68
ECU,2012,12.63
ECU,2013,10.95
ECU,2014,10.97
ECU,2015,11.32
ECU,2016,13.63
ECU,2017,15.94
EGY,2008,3.95
EGY,2009,3.72
EGY,2010,3.89
EGY,2011,3.76
EGY,2012,3.69
EGY,2013,3.83
EGY,2014,3.83
EGY,2015,3.92
EGY,2016,3.65
EGY,2017,3.46
SLV,2008,51.36
SLV,2009,52.23
SLV,2010,53.77
SLV,2011,52.36
SLV,2012,51.52
SLV,2013,51.71
SLV,2014,48.86
SLV,2015,45.74
SLV,2016,46.82
SLV,2017,49.94
ERI,2008,80.64
ERI,2009,77.8
ERI,2010,78.43
ERI,2011,78.08
ERI,2012,77.39
ERI,2013,77.15
ERI,2014,77.13
ERI,2015,77.12
ERI,2016,77.23
ERI,2017,76.64
EST,2008,11.77
EST,2009,14.73
EST,2010,15.03
EST,2011,14.85
EST,2012,15.6
EST,2013,13.97
EST,2014,14.85
EST,2015,16.59
EST,2016,16.14
EST,2017,18.61
ETH,2008,93.77
ETH,2009,93.87
ETH,2010,94.24
ETH,2011,93.73
ETH,2012,93.75
ETH,2013,92.93
ETH,2014,91.75
ETH,2015,91.97
ETH,2016,91.33
ETH,2017,90.76
GAB,2008,82.82
GAB,2009,83.43
GAB,2010,81.05
GAB,2011,73.68
GAB,2012,69.17
GAB,2013,77.01
GAB,2014,73.93
GAB,2015,74.65
GAB,2016,74.35
GAB,2017,75.76
GEO,2008,33.54
GEO,2009,34.35
GEO,2010,38.76
GEO,2011,28.33
GEO,2012,25.33
GEO,2013,30.99
GEO,2014,27.3
GEO,2015,24.69
GEO,2016,25.24
GEO,2017,24.62
GHA,2008,55.74
GHA,2009,54.17
GHA,2010,50.26
GHA,2011,50.63
GHA,2012,46.15
GHA,2013,47.65
GHA,2014,48.32
GHA,2015,43.93
GHA,2016,45.06
GHA,2017,47.46
GTM,2008,59.66
GTM,2009,60.96
GTM,2010,69.68
GTM,2011,69.37
GTM,2012,68.12
GTM,2013,67.33
GTM,2014,66.51
GTM,2015,62.73
GTM,2016,64.47
GTM,2017,64.64
HTI,2008,79.27
HTI,2009,80.71
HTI,2010,82.23
HTI,2011,82.04
HTI,2012,81.95
HTI,2013,81.31
HTI,2014,77.99
HTI,2015,75.85
HTI,2016,75.84
HTI,2017,75.86
HND,2008,46.03
HND,2009,47.88
HND,2010,48.31
HND,2011,48.47
HND,2012,49.6
HND,2013,47.85
HND,2014,47.13
HND,2015,47.59
HND,2016,49.61
HND,2017,49.85
HKG,2008,0.5
HKG,2009,0.47
HKG,2010,0.72
HKG,2011,0.8
HKG,2012,0.71
HKG,2013,0.78
HKG,2014,0.78
HKG,2015,0.71
HKG,2016,0.69
HKG,2017,0.76
IND,2008,30.05
IND,2009,28.29
IND,2010,28.23
IND,2011,28.4
IND,2012,26.72
IND,2013,26.17
IND,2014,24.36
IND,2015,23.52
IND,2016,24.12
IND,2017,23.41
IDN,2008,35.87
IDN,2009,34.46
IDN,2010,33.08
IDN,2011,34.94
IDN,2012,34.69
IDN,2013,34.56
IDN,2014,33.78
IDN,2015,33.33
IDN,2016,33.77
IDN,2017,33.18
IRN,2008,0.52
IRN,2009,0.62
IRN,2010,0.71
IRN,2011,0.75
IRN,2012,0.74
IRN,2013,0.81
IRN,2014,0.73
IRN,2015,0.73
IRN,2016,0.8
IRN,2017,0.7
IRQ,2008,1.21
IRQ,2009,0.97
IRQ,2010,1.22
IRQ,2011,0.81
IRQ,2012,0.9
IRQ,2013,0.91
IRQ,2014,0.6
IRQ,2015,0.56
IRQ,2016,0.6
IRQ,2017,0.28
ISR,2008,4.75
ISR,2009,5
ISR,2010,5.02
ISR,2011,4.99
ISR,2012,1.61
ISR,2013,1.86
ISR,2014,2.25
ISR,2015,2.26
ISR,2016,2.43
ISR,2017,2.49
JAM,2008,7.55
JAM,2009,10.58
JAM,2010,11.5
JAM,2011,12.15
JAM,2012,13.56
JAM,2013,13.02
JAM,2014,13.46
JAM,2015,13.57
JAM,2016,12.32
JAM,2017,14.2
JOR,2008,1.72
JOR,2009,1.76
JOR,2010,1.92
JOR,2011,2
JOR,2012,1.94
JOR,2013,2.03
JOR,2014,2.01
JOR,2015,2.1
JOR,2016,3.02
JOR,2017,3.55
KAZ,2008,1.02
KAZ,2009,1.04
KAZ,2010,1.07
KAZ,2011,0.98
KAZ,2012,0.97
KAZ,2013,0.9
KAZ,2014,0.95
KAZ,2015,1.14
KAZ,2016,1.39
KAZ,2017,1.26
KEN,2008,83.54
KEN,2009,81.42
KEN,2010,80.96
KEN,2011,81.47
KEN,2012,83.18
KEN,2013,81.73
KEN,2014,82.48
KEN,2015,81.11
KEN,2016,79.59
KEN,2017,80.25
KWT,2008,0
KWT,2009,0
KWT,2010,0
KWT,2011,0
KWT,2012,0
KWT,2013,0
KWT,2014,0
KWT,2015,0
KWT,2016,0
KWT,2017,0
KGZ,2008,27.67
KGZ,2009,30.58
KGZ,2010,34.83
KGZ,2011,36.84
KGZ,2012,29.59
KGZ,2013,28.99
KGZ,2014,28.07
KGZ,2015,24.05
KGZ,2016,25.64
KGZ,2017,31.8
LVA,2008,30.03
LVA,2009,35.58
LVA,2010,31.81
LVA,2011,33.3
LVA,2012,37.39
LVA,2013,37.12
LVA,2014,37.17
LVA,2015,36.05
LVA,2016,38.14
LVA,2017,43.96
LBN,2008,3.53
LBN,2009,2.9
LBN,2010,3.49
LBN,2011,3.8
LBN,2012,3.69
LBN,2013,4.01
LBN,2014,2.63
LBN,2015,2.63
LBN,2016,2.49
LBN,2017,2.43
LBY,2008,0.91
LBY,2009,0.88
LBY,2010,0.76
LBY,2011,0.9
LBY,2012,0.9
LBY,2013,1.01
LBY,2014,0.75
LBY,2015,0.96
LBY,2016,1.07
LBY,2017,1.08
LTU,2008,10.72
LTU,2009,12
LTU,2010,15.1
LTU,2011,14.46
LTU,2012,15.74
LTU,2013,17.4
LTU,2014,18.3
LTU,2015,20.14
LTU,2016,20.32
LTU,2017,20.71
MYS,2008,2.2
MYS,2009,2.13
MYS,2010,1.89
MYS,2011,1.9
MYS,2012,1.92
MYS,2013,1.98
MYS,2014,2.06
MYS,2015,2.23
MYS,2016,2.78
MYS,2017,3.44
MLT,2008,0.1
MLT,2009,0.12
MLT,2010,0.61
MLT,2011,0.99
MLT,2012,1.34
MLT,2013,1.61
MLT,2014,2.34
MLT,2015,3.1
MLT,2016,4.08
MLT,2017,4.47
MDA,2008,3.33
MDA,2009,3.39
MDA,2010,14.67
MDA,2011,15.07
MDA,2012,15.91
MDA,2013,18.05
MDA,2014,18.04
MDA,2015,18.19
MDA,2016,18.88
MDA,2017,20.44
MNG,2008,5.06
MNG,2009,4.93
MNG,2010,4.72
MNG,2011,4.36
MNG,2012,3.31
MNG,2013,3
MNG,2014,3.04
MNG,2015,3.49
MNG,2016,3.27
MNG,2017,3.46
MAR,2008,10.92
MAR,2009,10.74
MAR,2010,10.49
MAR,2011,8.79
MAR,2012,8.26
MAR,2013,8.89
MAR,2014,8.43
MAR,2015,8.58
MAR,2016,8.93
MAR,2017,8.46
MOZ,2008,94.5
MOZ,2009,93.06
MOZ,2010,93.08
MOZ,2011,92.21
MOZ,2012,91.81
MOZ,2013,90.57
MOZ,2014,86.79
MOZ,2015,79.15
MOZ,2016,78.52
MOZ,2017,75.06
MMR,2008,71.46
MMR,2009,76.56
MMR,2010,78.59
MMR,2011,78.9
MMR,2012,72.77
MMR,2013,70.16
MMR,2014,64.4
MMR,2015,63
MMR,2016,59.25
MMR,2017,52.63
NAM,2008,22.94
NAM,2009,24.37
NAM,2010,21.78
NAM,2011,22.69
NAM,2012,23.2
NAM,2013,20.99
NAM,2014,21.6
NAM,2015,21.46
NAM,2016,20.24
NAM,2017,21.24
NPL,2008,89.84
NPL,2009,88.47
NPL,2010,86.86
NPL,2011,86.4
NPL,2012,84.13
NPL,2013,85.05
NPL,2014,82.96
NPL,2015,83.87
NPL,2016,78.15
NPL,2017,75.46
NIC,2008,53.4
NIC,2009,52.61
NIC,2010,53.18
NIC,2011,51.47
NIC,2012,56.69
NIC,2013,60.84
NIC,2014,60.2
NIC,2015,57.07
NIC,2016,56.02
NIC,2017,56.3
NER,2008,82.49
NER,2009,80.29
NER,2010,76.74
NER,2011,73
NER,2012,67.52
NER,2013,71.5
NER,2014,73.06
NER,2015,74.63
NER,2016,77.37
NER,2017,75.36
NGA,2008,81.53
NGA,2009,84.3
NGA,2010,77.1
NGA,2011,73.88
NGA,2012,77.26
NGA,2013,76.22
NGA,2014,74.43
NGA,2015,77.21
NGA,2016,76.57
NGA,2017,74.71
OMN,2008,0
OMN,2009,0
OMN,2010,0
OMN,2011,0
OMN,2012,0
OMN,2013,0
OMN,2014,0
OMN,2015,0
OMN,2016,0
OMN,2017,0
PAK,2008,37.42
PAK,2009,37.63
PAK,2010,38.17
PAK,2011,38.29
PAK,2012,38.72
PAK,2013,38.82
PAK,2014,37.91
PAK,2015,38.01
PAK,2016,37.4
PAK,2017,35.63
PAN,2008,23.2
PAN,2009,20.54
PAN,2010,18.84
PAN,2011,17.18
PAN,2012,19.5
PAN,2013,20.05
PAN,2014,19.02
PAN,2015,21.04
PAN,2016,21.03
PAN,2017,21.47
PRY,2008,159.74
PRY,2009,155.68
PRY,2010,143.68
PRY,2011,146.32
PRY,2012,146.89
PRY,2013,147.47
PRY,2014,133.98
PRY,2015,128.76
PRY,2016,128.22
PRY,2017,116.84
PER,2008,23.43
PER,2009,26.73
PER,2010,24.95
PER,2011,22.94
PER,2012,20.89
PER,2013,21.68
PER,2014,20.86
PER,2015,20.91
PER,2016,20.79
PER,2017,24.17
PHL,2008,42.37
PHL,2009,43.74
PHL,2010,39.89
PHL,2011,40.11
PHL,2012,39.81
PHL,2013,37.85
PHL,2014,36.98
PHL,2015,35.57
PHL,2016,34.06
PHL,2017,31.65
QAT,2008,0
QAT,2009,0
QAT,2010,0
QAT,2011,0
QAT,2012,0
QAT,2013,0
QAT,2014,0
QAT,2015,0
QAT,2016,0
QAT,2017,0
ROU,2008,13.49
ROU,2009,15.1
ROU,2010,16.73
ROU,2011,14.15
ROU,2012,14.88
ROU,2013,17.4
ROU,2014,19.4
ROU,2015,18.76
ROU,2016,19.48
ROU,2017,18.12
RUS,2008,2.58
RUS,2009,2.83
RUS,2010,2.57
RUS,2011,2.49
RUS,2012,2.45
RUS,2013,2.65
RUS,2014,2.54
RUS,2015,2.53
RUS,2016,2.65
RUS,2017,2.56
SAU,2008,0
SAU,2009,0
SAU,2010,0
SAU,2011,0
SAU,2012,0
SAU,2013,0.01
SAU,2014,0
SAU,2015,0.01
SAU,2016,0.01
SAU,2017,0.01
SEN,2008,46.15
SEN,2009,55.16
SEN,2010,51.59
SEN,2011,51.01
SEN,2012,53.47
SEN,2013,47.33
SEN,2014,44.62
SEN,2015,38.3
SEN,2016,36.6
SEN,2017,37.45
SGP,2008,0.9
SGP,2009,0.88
SGP,2010,1.27
SGP,2011,1.48
SGP,2012,1.25
SGP,2013,1.32
SGP,2014,1.3
SGP,2015,1.22
SGP,2016,1.21
SGP,2017,1.1
SVN,2008,11
SVN,2009,15.12
SVN,2010,15.3
SVN,2011,14.19
SVN,2012,15.19
SVN,2013,17.14
SVN,2014,18.07
SVN,2015,16.04
SVN,2016,16.55
SVN,2017,15.62
ZAF,2008,4.75
ZAF,2009,4.74
ZAF,2010,5.21
ZAF,2011,5.11
ZAF,2012,5.34
ZAF,2013,5.44
ZAF,2014,5.31
ZAF,2015,5.69
ZAF,2016,5.78
ZAF,2017,5.9
LKA,2008,55.73
LKA,2009,55.79
LKA,2010,56.83
LKA,2011,50.51
LKA,2012,52.1
LKA,2013,53.88
LKA,2014,48.72
LKA,2015,46.44
LKA,2016,42.84
LKA,2017,41.56
SDN,2008,66.62
SDN,2009,67.12
SDN,2010,74.06
SDN,2011,69.37
SDN,2012,81.23
SDN,2013,67.01
SDN,2014,65.73
SDN,2015,65.43
SDN,2016,63.63
SDN,2017,65.9
SYR,2008,1.1
SYR,2009,0.78
SYR,2010,1.06
SYR,2011,1.42
SYR,2012,1.71
SYR,2013,2.18
SYR,2014,1.84
SYR,2015,0.41
SYR,2016,0.93
SYR,2017,0.79
TWN,2008,1.19
TWN,2009,1.18
TWN,2010,1.2
TWN,2011,1.5
TWN,2012,1.65
TWN,2013,1.61
TWN,2014,1.5
TWN,2015,1.7
TWN,2016,1.55
TWN,2017,1.55
TJK,2008,55.37
TJK,2009,64.12
TJK,2010,64.81
TJK,2011,63.84
TJK,2012,61.5
TJK,2013,61.94
TJK,2014,54.14
TJK,2015,53.06
TJK,2016,46.25
TJK,2017,45.4
TZA,2008,88.38
TZA,2009,88.81
TZA,2010,87.1
TZA,2011,85.93
TZA,2012,84.02
TZA,2013,82.88
TZA,2014,83.71
TZA,2015,83.07
TZA,2016,83.5
TZA,2017,83.42
THA,2008,19.3
THA,2009,19.8
THA,2010,19.6
THA,2011,19.15
THA,2012,19.27
THA,2013,18.63
THA,2014,19.57
THA,2015,19.15
THA,2016,20.98
THA,2017,19.99
TGO,2008,83.47
TGO,2009,73.9
TGO,2010,76.02
TGO,2011,77.75
TGO,2012,80.14
TGO,2013,80.21
TGO,2014,79.81
TGO,2015,79.1
TGO,2016,79.14
TGO,2017,78.82
TTO,2008,0.14
TTO,2009,0.14
TTO,2010,0.07
TTO,2011,0.07
TTO,2012,0.07
TTO,2013,0.07
TTO,2014,0.07
TTO,2015,0.07
TTO,2016,0.08
TTO,2017,0.08
TUN,2008,13.31
TUN,2009,14
TUN,2010,10.71
TUN,2011,11.29
TUN,2012,11.06
TUN,2013,11.05
TUN,2014,11.07
TUN,2015,10.79
TUN,2016,10.76
TUN,2017,10.49
TKM,2008,0.05
TKM,2009,0.05
TKM,2010,0.05
TKM,2011,0.04
TKM,2012,0.04
TKM,2013,0.04
TKM,2014,0.04
TKM,2015,0.04
TKM,2016,0.04
TKM,2017,0.04
UKR,2008,1.99
UKR,2009,2.25
UKR,2010,2.06
UKR,2011,2.08
UKR,2012,2.16
UKR,2013,2.73
UKR,2014,2.65
UKR,2015,2.91
UKR,2016,3.95
UKR,2017,4.36
ARE,2008,0.07
ARE,2009,0.07
ARE,2010,0.08
ARE,2011,0.08
ARE,2012,0.08
ARE,2013,0.1
ARE,2014,0.16
ARE,2015,0.15
ARE,2016,0.16
ARE,2017,0.23
URY,2008,33.36
URY,2009,36.84
URY,2010,50.65
URY,2011,43.07
URY,2012,40.39
URY,2013,47.48
URY,2014,55.79
URY,2015,58.61
URY,2016,58.9
URY,2017,62.17
UZB,2008,0.79
UZB,2009,1.28
UZB,2010,1.67
UZB,2011,1.06
UZB,2012,1.2
UZB,2013,1.15
UZB,2014,1.21
UZB,2015,1.59
UZB,2016,1.87
UZB,2017,2.15
VEN,2008,12.68
VEN,2009,12.65
VEN,2010,10.25
VEN,2011,11.92
VEN,2012,10.79
VEN,2013,11.65
VEN,2014,9.66
VEN,2015,12.02
VEN,2016,10.93
VEN,2017,12.43
VNM,2008,34.8
VNM,2009,32.53
VNM,2010,28.91
VNM,2011,31.08
VNM,2012,32.65
VNM,2013,31.82
VNM,2014,29.8
VNM,2015,26.64
VNM,2016,26.6
VNM,2017,28.55
YEM,2008,1.33
YEM,2009,1.24
YEM,2010,1.31
YEM,2011,1.59
YEM,2012,1.8
YEM,2013,1.34
YEM,2014,1.57
YEM,2015,3.43
YEM,2016,5.18
YEM,2017,5.69
ZMB,2008,92.8
ZMB,2009,93.45
ZMB,2010,93.31
ZMB,2011,91.92
ZMB,2012,90.77
ZMB,2013,90.85
ZMB,2014,90.31
ZMB,2015,89.09
ZMB,2016,87.59
ZMB,2017,84.27
ZWE,2008,75.83
ZWE,2009,74.52
ZWE,2010,74.25
ZWE,2011,70.78
ZWE,2012,70
ZWE,2013,69.55
ZWE,2014,70.25
ZWE,2015,70.26
ZWE,2016,72.05
ZWE,2017,73.46
WLD,2008,12.07
WLD,2009,12.4
WLD,2010,12.27
WLD,2011,12.34
WLD,2012,12.6
WLD,2013,12.85
WLD,2014,12.92
WLD,2015,13.12
WLD,2016,13.45
WLD,2017,13.55
SRB,2008,9.7
SRB,2009,12.98
SRB,2010,13.16
SRB,2011,11.03
SRB,2012,12.67
SRB,2013,12.94
SRB,2014,15.12
SRB,2015,13.09
SRB,2016,13.1
SRB,2017,12.07
MNE,2008,23.49
MNE,2009,35.11
MNE,2010,35.25
MNE,2011,24.72
MNE,2012,28.7
MNE,2013,39.1
MNE,2014,33
MNE,2015,30.56
MNE,2016,34.31
MNE,2017,27.24
G20,2008,9.81
G20,2009,10.07
G20,2010,10.01
G20,2011,10.04
G20,2012,10.23
G20,2013,10.49
G20,2014,10.63
G20,2015,10.8
G20,2016,11.15
G20,2017,11.28
EU28,2008,8.45
EU28,2009,9.5
EU28,2010,10.13
EU28,2011,10.36
EU28,2012,11.48
EU28,2013,12.28
EU28,2014,13
EU28,2015,13.32
EU28,2016,13.54
EU28,2017,13.73
OECD,2008,7.08
OECD,2009,7.55
OECD,2010,7.83
OECD,2011,8.2
OECD,2012,8.74
OECD,2013,9.19
OECD,2014,9.43
OECD,2015,9.64
OECD,2016,9.87
OECD,2017,10.17
